path,hash,modification_time
C:/Users/wb621604/AppData/Local/Temp/Rtmp4ooRLe/right/B/B1.Rds,4c88042d,2024-09-19T02:30:13.710320Z
C:/Users/wb621604/AppData/Local/Temp/Rtmp4ooRLe/right/B/B2.Rds,e55bbcda,2024-09-19T02:30:16.899584Z
C:/Users/wb621604/AppData/Local/Temp/Rtmp4ooRLe/right/C/C1.Rds,b7664c8d,2024-09-19T02:30:13.716678Z
C:/Users/wb621604/AppData/Local/Temp/Rtmp4ooRLe/right/C/C1_duplicate.Rds,b7664c8d,2024-09-19T02:30:13.716678Z
C:/Users/wb621604/AppData/Local/Temp/Rtmp4ooRLe/right/C/C2.Rds,2330219b,2024-09-19T02:30:17.977640Z
C:/Users/wb621604/AppData/Local/Temp/Rtmp4ooRLe/right/C/C3.Rds,af5c8e98,2024-09-19T02:30:20.158607Z
C:/Users/wb621604/AppData/Local/Temp/Rtmp4ooRLe/right/D/D1.Rds,e57c620d,2024-09-19T02:30:14.825134Z
C:/Users/wb621604/AppData/Local/Temp/Rtmp4ooRLe/right/D/D2.Rds,b3c7bc44,2024-09-19T02:30:18.043595Z
C:/Users/wb621604/AppData/Local/Temp/Rtmp4ooRLe/right/D/D3.Rds,70f2a176,2024-09-19T02:30:20.205414Z
C:/Users/wb621604/AppData/Local/Temp/Rtmp4ooRLe/right/E/E1.Rds,2cb6f966,2024-09-19T02:30:15.868529Z
C:/Users/wb621604/AppData/Local/Temp/Rtmp4ooRLe/right/E/E2.Rds,b909077a,2024-09-19T02:30:19.126471Z
C:/Users/wb621604/AppData/Local/Temp/Rtmp4ooRLe/right/E/E3.Rds,5bd4b021,2024-09-19T02:30:20.225975Z
